{
  "fr-FR": {
    "Title": "Titre",
    "Default label": "Libellé par défaut",
    "Default name": "Nom par défaut",
    "Select": "Sélection",
    "Select an option": "Sélectionner une option",
    "green": "vert",
    "red": "rouge",
    "blue": "bleu",
    "yes": "oui",
    "no": "non",
    "Id": "Id",
    "Name": "Nom",
    "Description": "Description",
    "Link": "Lien",
    "Submit": "Soumettre",
    "This field is required": "Ce champ est requis",
    "This field length should be larger": "La valeur de ce champ est trop courte",
    "This field length should be smaller": "La valeur de ce champ est trop longue",
    "This value is too small": "La valeur de ce champ est trop petite",
    "This value is too large": "La valeur de ce champ est trop grande",
    "This is not a valid email": "L'email saisi n'est pas valide",
    "Toggle the text area to HTML source code / Rich text area": "Basculer l'affichage du texte vers HTML / Rich Text",
    "Heading ": "Titre ",
    "Paragraph": "Paragraphe",
    "Preformatted text": "Texte preformaté",
    "Unordered List": "Liste",
    "Ordered List": "Liste numérotée",
    "Quote/unquote selection or paragraph": "Citation du paragraphe ou de la selection",
    "Undo": "Annuler",
    "Redo": "Rétablir",
    "Bold": "Gras",
    "Italic": "Italique",
    "Underline": "Souligné",
    "Strikethrough": "Barré",
    "Align text left": "Aligner le texte à gauche",
    "Align text right": "Aligner le texte à droite",
    "Justify text": "Justifier le texte",
    "Center": "Centrer",
    "Increase indent": "Augmenter l'indentation",
    "Decrease indent": "Diminuer l'indentation",
    "Clear formatting": "Effacer le formatage",
    "Please enter an image URL to insert": "Entrez une image ou une URL à insérer",
    "Insert image": "Insérer une image",
    "Insert video": "Insérer une vidéo",
    "Please enter a youtube URL to embed": "Entrez une URL youtube à embarquer",
    "Insert / edit link": "Insérer / éditer un lien",
    "Please enter a URL to insert": "Entrez une URL à insérer",
    "Relink": "Changer le lien",
    "Unlink": "Enlever le lien",
    "Open in New Window": "Ouvrir dans une nouvelle fenêtre",
    "Display words Count": "Afficher le nombre de mots",
    "Display characters Count": "Afficher le nombre de caractères",
    "The requested content cannot be loaded.<br />Please try again later.": "Le contenu ne peut être télécharger.<br/> Veuillez essayer plus tard.",
    "Date": "Date",
    "MM/dd/yyyy": "dd/MM/yyyy",
    "Today": "Aujourd'hui",
    "Now": "Maintenant",
    "Enter a date (mm/dd/yyyy)":"Entrer une date (jj/mm/aaaa)",
    "$locale": {
      "DATETIME_FORMATS": {
        "DAY": [
          "dimanche",
          "lundi",
          "mardi",
          "mercredi",
          "jeudi",
          "vendredi",
          "samedi"
        ],
        "FIRSTDAYOFWEEK": 1,
        "MONTH": [
          "janvier",
          "f\u00e9vrier",
          "mars",
          "avril",
          "mai",
          "juin",
          "juillet",
          "ao\u00fbt",
          "septembre",
          "octobre",
          "novembre",
          "d\u00e9cembre"
        ],
        "SHORTDAY": [
          "dim.",
          "lun.",
          "mar.",
          "mer.",
          "jeu.",
          "ven.",
          "sam."
        ],
        "SHORTMONTH": [
          "janv.",
          "f\u00e9vr.",
          "mars",
          "avr.",
          "mai",
          "juin",
          "juil.",
          "ao\u00fbt",
          "sept.",
          "oct.",
          "nov.",
          "d\u00e9c."
        ]
      }
    }
  },
  "es-ES": {
    "Title": "Título",
    "Default label": "Etiqueta por defecto",
    "Default name": "Nombre por defecto",
    "Select": "Seleccionar",
    "Select an option": "Selecciona una opción",
    "green": "verde",
    "red": "rojo",
    "blue": "azul",
    "yes": "sí",
    "no": "no",
    "Id": "Id",
    "Name": "Nombre",
    "Description": "Descripción",
    "Link": "Enlace",
    "Submit": "Enviar",
    "This field is required": "Este campo es requerido",
    "This field length should be larger": "La longitud de este campo debería ser mayor",
    "This field length should be smaller": "La longitud de este campo debería ser menor",
    "This value is too small": "El valor de este campo es demasiado pequeño",
    "This value is too large": "El valor de este campo es demasiado grande",
    "This is not a valid email": "El email introducido no es válido",
    "Toggle the text area to HTML source code / Rich text area": "",
    "Heading ": " ",
    "Paragraph": "",
    "Preformatted text": "",
    "Unordered List": "",
    "Ordered List": "",
    "Quote/unquote selection or paragraph": "",
    "Undo": "",
    "Redo": "",
    "Bold": "",
    "Italic": "",
    "Underline": "",
    "Strikethrough": "",
    "Align text left": "",
    "Align text right": "",
    "Justify text": "",
    "Center": "",
    "Increase indent": "",
    "Decrease indent": "",
    "Clear formatting": "",
    "Please enter an image URL to insert": "",
    "Insert image": "",
    "Insert video": "",
    "Please enter a youtube URL to embed": "",
    "Insert / edit link": "",
    "Please enter a URL to insert": "",
    "Relink": "",
    "Unlink": "",
    "Open in New Window": "",
    "Display words Count": "",
    "Display characters Count": "",
    "The requested content cannot be loaded.<br />Please try again later.": "El contenido solicitado no puede mostrarse.",
    "Today": "Hoy",
    "Now": "Ahora",
    "Date": "Fecha",
    "MM/dd/yyyy": "dd/MM/yyyy",
    "Enter a date (mm/dd/yyyy)":"Introducir una fecha (dd/mm/aaaa)",
    "$locale": {
      "DATETIME_FORMATS": {
       "DAY": [
          "domingo",
          "lunes",
          "martes",
          "mi\u00e9rcoles",
          "jueves",
          "viernes",
          "s\u00e1bado"
        ],
        "FIRSTDAYOFWEEK": 0,
        "MONTH": [
          "enero",
          "febrero",
          "marzo",
          "abril",
          "mayo",
          "junio",
          "julio",
          "agosto",
          "septiembre",
          "octubre",
          "noviembre",
          "diciembre"
        ],
        "SHORTDAY": [
          "dom.",
          "lun.",
          "mar.",
          "mi\u00e9.",
          "jue.",
          "vie.",
          "s\u00e1b."
        ],
        "SHORTMONTH": [
          "ene.",
          "feb.",
          "mar.",
          "abr.",
          "may.",
          "jun.",
          "jul.",
          "ago.",
          "sept.",
          "oct.",
          "nov.",
          "dic."
        ]
      }
    }
  }
}
