{
  "designerVersion" : "1.5.22",
  "id" : "9d3b5bc5-74e2-4fd8-80cc-da90b2fd09b8",
  "name" : "ServerLogs",
  "type" : "page",
  "lastUpdate" : 1492006612319,
  "rows" : [ [ {
    "type" : "container",
    "dimension" : {
      "xs" : 12,
      "sm" : 12,
      "md" : 12,
      "lg" : 12
    },
    "propertyValues" : {
      "cssClasses" : {
        "type" : "constant",
        "value" : "container-margin"
      },
      "hidden" : {
        "type" : "constant",
        "value" : false
      },
      "repeatedCollection" : {
        "type" : "variable"
      }
    },
    "reference" : "7ec03456-7ac4-4eb6-a01d-46bac9d84f6a",
    "id" : "pbContainer",
    "rows" : [ [ {
      "type" : "component",
      "dimension" : {
        "xs" : 12,
        "sm" : 6,
        "md" : 6,
        "lg" : 6
      },
      "propertyValues" : {
        "cssClasses" : {
          "type" : "constant",
          "value" : ""
        },
        "hidden" : {
          "type" : "constant",
          "value" : false
        },
        "required" : {
          "type" : "constant",
          "value" : false
        },
        "minLength" : {
          "type" : "constant",
          "value" : ""
        },
        "maxLength" : {
          "type" : "constant",
          "value" : ""
        },
        "readOnly" : {
          "type" : "constant",
          "value" : false
        },
        "labelHidden" : {
          "type" : "constant",
          "value" : false
        },
        "label" : {
          "type" : "interpolation",
          "value" : "<span class=\"glyphicon glyphicon-filter\"></span> Filter"
        },
        "labelPosition" : {
          "type" : "constant",
          "value" : "top"
        },
        "labelWidth" : {
          "type" : "constant",
          "value" : 2
        },
        "placeholder" : {
          "type" : "interpolation",
          "value" : ""
        },
        "value" : {
          "type" : "variable",
          "value" : "filter"
        },
        "type" : {
          "type" : "constant",
          "value" : "text"
        },
        "min" : {
          "type" : "constant"
        },
        "max" : {
          "type" : "constant"
        },
        "step" : {
          "type" : "constant",
          "value" : 1
        }
      },
      "reference" : "165bc895-d48d-47e9-9426-53213e662a5d",
      "id" : "pbInput"
    } ], [ {
      "type" : "component",
      "dimension" : {
        "xs" : 12,
        "sm" : 12,
        "md" : 12,
        "lg" : 12
      },
      "propertyValues" : {
        "cssClasses" : {
          "type" : "constant",
          "value" : ""
        },
        "hidden" : {
          "type" : "constant",
          "value" : false
        },
        "headers" : {
          "type" : "constant",
          "value" : [ "Name", "Last modified" ]
        },
        "type" : {
          "type" : "constant",
          "value" : "Variable"
        },
        "apiUrl" : {
          "type" : "constant",
          "value" : "../API/"
        },
        "params" : {
          "type" : "constant"
        },
        "content" : {
          "type" : "expression",
          "value" : "logfiles"
        },
        "columnsKey" : {
          "type" : "expression",
          "value" : "columnKeys"
        },
        "sortColumns" : {
          "type" : "constant"
        },
        "selectedRow" : {
          "type" : "variable",
          "value" : "selectedLog"
        },
        "pageSize" : {
          "type" : "constant",
          "value" : 5
        },
        "filter" : {
          "type" : "expression",
          "value" : "filter"
        }
      },
      "reference" : "c0151e07-06fa-4160-827b-ed2a36574acd",
      "id" : "pbDataTable"
    } ], [ {
      "type" : "container",
      "dimension" : {
        "xs" : 12,
        "sm" : 12,
        "md" : 12,
        "lg" : 12
      },
      "propertyValues" : {
        "cssClasses" : {
          "type" : "constant",
          "value" : ""
        },
        "hidden" : {
          "type" : "expression",
          "value" : "!selectedLog"
        },
        "repeatedCollection" : {
          "type" : "variable"
        }
      },
      "reference" : "520427f2-e92e-40a1-9fb1-be5985b79e30",
      "id" : "pbContainer",
      "rows" : [ [ {
        "type" : "component",
        "dimension" : {
          "xs" : 12,
          "sm" : 9,
          "md" : 9,
          "lg" : 6
        },
        "propertyValues" : {
          "cssClasses" : {
            "type" : "constant",
            "value" : ""
          },
          "hidden" : {
            "type" : "constant",
            "value" : false
          },
          "text" : {
            "type" : "interpolation",
            "value" : "<h2>{{selectedLog.name}}</h2>"
          },
          "alignment" : {
            "type" : "constant",
            "value" : "left"
          }
        },
        "reference" : "85cb8e53-c089-456d-9731-95d535045afd",
        "id" : "pbText"
      }, {
        "type" : "component",
        "dimension" : {
          "xs" : 12,
          "sm" : 3,
          "md" : 3,
          "lg" : 6
        },
        "propertyValues" : {
          "cssClasses" : {
            "type" : "constant",
            "value" : "top-padding"
          },
          "hidden" : {
            "type" : "constant",
            "value" : false
          },
          "text" : {
            "type" : "interpolation",
            "value" : "<span class=\"glyphicon glyphicon-download-alt\"></span> Download"
          },
          "type" : {
            "type" : "constant",
            "value" : "URL"
          },
          "targetUrl" : {
            "type" : "expression",
            "value" : "downloadLink"
          },
          "pageToken" : {
            "type" : "constant"
          },
          "processName" : {
            "type" : "constant"
          },
          "processVersion" : {
            "type" : "constant"
          },
          "taskId" : {
            "type" : "constant"
          },
          "caseId" : {
            "type" : "constant"
          },
          "target" : {
            "type" : "constant",
            "value" : "_self"
          },
          "appToken" : {
            "type" : "constant"
          },
          "urlParams" : {
            "type" : "constant"
          },
          "alignment" : {
            "type" : "constant",
            "value" : "right"
          },
          "buttonStyle" : {
            "type" : "constant",
            "value" : "primary"
          }
        },
        "reference" : "37ed46b5-2ea1-44ff-94f2-46d73331ca8f",
        "id" : "pbLink"
      } ], [ {
        "type" : "component",
        "dimension" : {
          "xs" : 12,
          "sm" : 12,
          "md" : 12,
          "lg" : 12
        },
        "propertyValues" : {
          "cssClasses" : {
            "type" : "constant",
            "value" : ""
          },
          "hidden" : {
            "type" : "expression",
            "value" : "!logContent"
          },
          "text" : {
            "type" : "interpolation",
            "value" : "<pre style=\"white-space: pre-wrap;\">{{ logContent }}</pre>"
          },
          "alignment" : {
            "type" : "constant",
            "value" : "left"
          }
        },
        "reference" : "1d704710-1a99-46f1-83a9-f96629ef8f29",
        "id" : "pbText"
      } ] ]
    } ] ]
  } ] ],
  "assets" : [ {
    "id" : "c0cebdca-4f00-493d-a8fb-d1dfde50da66",
    "name" : "style.css",
    "type" : "css",
    "order" : 0,
    "external" : false
  }, {
    "id" : "2725ca40-53ee-4967-98e1-3357414a7bc0",
    "name" : "localization.json",
    "type" : "json",
    "order" : 0,
    "external" : false
  } ],
  "inactiveAssets" : [ ],
  "data" : {
    "logfiles" : {
      "type" : "url",
      "value" : "../API/extension/logs",
      "exposed" : false
    },
    "selectedLog" : {
      "type" : "constant",
      "value" : "",
      "exposed" : false
    },
    "logContent" : {
      "type" : "url",
      "value" : "../API/extension/logs?content={{selectedLog.name}}",
      "exposed" : false
    },
    "updateSelection" : {
      "type" : "expression",
      "value" : "if($data.selectedLog !== $data.oldSelection){\n    $data.logContent = null;\n    $data.oldSelection = $data.selectedLog;\n}",
      "exposed" : false
    },
    "oldSelection" : {
      "type" : "constant",
      "exposed" : false
    },
    "filter" : {
      "type" : "constant",
      "exposed" : false
    },
    "columnKeys" : {
      "type" : "expression",
      "value" : "return [\n\"name\" , \n\"lastModified | date :\\\"medium\\\":\\\"UTC\\\"\"\n]; ",
      "exposed" : false
    },
    "downloadLink" : {
      "type" : "expression",
      "value" : "return \"../API/extension/logs?download=true&content=\"+$data.selectedLog.name;",
      "exposed" : false
    }
  }
}